['focus_seq_intersections'],['focus_seq_start_end'],['focus_seq_org'],['focus_seq_time'],['unfocus_seq_time']
[],[],[],0,45
[],[],[],0,4
"[2, 3]","[[0, 7]]","[[2, 2, 2, 3, 3, 3, 3, 3]]",8,6
[],[],[],0,16
"[1, 2, 3]","[[11, 30]]","[[1, 1, 1, 1, 1, 1, 1, 1, 2, 2, 2, 2, 2, 2, 2, 2, 2, 3, 3, 3]]",20,57
[],[],[],0,15
"[2, 3, 2, 3, 2, 3]","[[0, 43]]","[[2, 2, 2, 2, 2, 2, 2, 2, 2, 3, 3, 3, 3, 3, 3, 3, 3, 3, 3, 3, 2, 2, 2, 3, 3, 3, 3, 3, 2, 2, 2, 2, 2, 2, 2, 2, 3, 3, 3, 3, 3, 3, 3, 3]]",44,5
"[2, 3, 4]","[[0, 12], [15, 32], [33, 49]]","[[2, 2, 2, 2, 2, 2, 3, 3, 3, 4, 4, 4, 4], [2, 2, 2, 2, 2, 2, 3, 3, 3, 3, 3, 3, 3, 3, 4, 4, 4, 4], [2, 2, 2, 2, 2, 2, 2, 2, 2, 2, 3, 3, 3, 4, 4, 4, 4]]",48,2
[],[],[],0,17
"[2, 3, 4]","[[9, 25], [38, 50]]","[[2, 2, 2, 2, 3, 3, 3, 3, 3, 3, 3, 3, 3, 4, 4, 4, 4], [2, 2, 2, 2, 3, 3, 3, 3, 3, 4, 4, 4, 4]]",30,21
[],[],[],0,12
"[2, 3, 2, 3]","[[0, 13]]","[[2, 2, 2, 2, 2, 3, 3, 3, 2, 2, 3, 3, 3, 3]]",14,0
"[2, 3, 2, 3, 2]","[[20, 35]]","[[2, 2, 3, 3, 2, 2, 2, 2, 2, 3, 3, 3, 3, 3, 2, 2]]",16,33
[],[],[],0,1
[],[],[],0,7
[],[],[],0,36
"[1, 2, 3, 1]","[[0, 24]]","[[1, 1, 1, 2, 2, 2, 2, 2, 2, 2, 3, 3, 3, 3, 3, 3, 1, 1, 1, 1, 1, 1, 1, 1, 1]]",25,25
"[0, 4]","[[0, 12], [13, 29], [30, 38], [39, 43]]","[[0, 0, 0, 0, 0, 0, 0, 0, 0, 4, 4, 4, 4], [0, 0, 0, 0, 0, 0, 0, 0, 0, 0, 0, 0, 0, 0, 4, 4, 4], [0, 0, 0, 0, 0, 0, 4, 4, 4], [0, 0, 4, 4, 4]]",44,18
"[1, 2, 3, 4]","[[16, 39]]","[[1, 1, 2, 2, 2, 2, 2, 2, 2, 2, 3, 3, 3, 3, 3, 4, 4, 4, 4, 4, 4, 4, 4, 4]]",24,42
"[2, 3]","[[0, 8]]","[[2, 2, 2, 2, 2, 2, 3, 3, 3]]",9,0
[],[],[],0,2
"[2, 3, 2]","[[0, 44]]","[[2, 2, 2, 2, 2, 2, 2, 2, 2, 2, 2, 2, 3, 3, 3, 2, 2, 2, 2, 2, 2, 2, 2, 2, 2, 2, 2, 2, 2, 2, 2, 2, 2, 2, 2, 2, 2, 2, 2, 2, 2, 2, 2, 2, 2]]",45,0
[],[],[],0,46
"[0, 4]","[[0, 10], [11, 23], [24, 28], [29, 37], [41, 45]]","[[0, 0, 4, 4, 4, 4, 4, 4, 4, 4, 4], [0, 0, 0, 0, 0, 0, 0, 0, 0, 0, 4, 4, 4], [0, 0, 4, 4, 4], [0, 0, 0, 0, 4, 4, 4, 4, 4], [0, 0, 0, 4, 4]]",43,3
"[0, 4, 1, 2, 3]","[[10, 35]]","[[0, 0, 4, 4, 4, 4, 4, 1, 1, 2, 2, 2, 2, 2, 2, 2, 2, 2, 2, 3, 3, 3, 3, 3, 3, 3]]",26,48
"[1, 2]","[[0, 53], [54, 87]]","[[1, 1, 1, 1, 1, 1, 1, 1, 1, 1, 1, 1, 1, 1, 1, 1, 1, 1, 1, 1, 1, 1, 1, 1, 1, 1, 1, 1, 1, 1, 1, 1, 1, 1, 1, 1, 1, 1, 1, 1, 1, 1, 1, 1, 1, 1, 1, 1, 1, 1, 2, 2, 2, 2], [1, 1, 1, 1, 1, 1, 1, 1, 1, 1, 1, 1, 1, 1, 1, 1, 1, 1, 1, 1, 1, 1, 1, 1, 1, 1, 1, 1, 1, 1, 1, 1, 2, 2]]",88,41
"[2, 3, 4, 1, 2]","[[5, 22]]","[[2, 2, 2, 2, 2, 2, 2, 3, 3, 4, 4, 4, 4, 1, 1, 1, 2, 2]]",18,26
"[4, 1]","[[0, 13]]","[[4, 4, 4, 4, 4, 4, 4, 4, 1, 1, 1, 1, 1, 1]]",14,0
"[1, 2, 3, 4]","[[23, 55], [83, 108]]","[[1, 1, 2, 2, 2, 2, 2, 2, 2, 2, 2, 2, 2, 2, 2, 2, 2, 2, 2, 2, 2, 3, 3, 3, 3, 3, 3, 3, 3, 3, 4, 4, 4], [1, 1, 1, 1, 1, 2, 2, 2, 2, 2, 2, 3, 3, 3, 3, 3, 3, 3, 3, 3, 3, 4, 4, 4, 4, 4]]",59,67
"[1, 2]","[[0, 4]]","[[1, 1, 2, 2, 2]]",5,18
[],[],[],0,14
"[2, 3, 2]","[[0, 33]]","[[2, 2, 2, 2, 2, 2, 2, 2, 2, 2, 2, 2, 2, 2, 2, 2, 2, 2, 2, 2, 2, 2, 2, 2, 2, 2, 3, 3, 3, 3, 3, 3, 2, 2]]",34,2
"[2, 3]","[[0, 19], [24, 32]]","[[2, 2, 2, 2, 2, 2, 2, 3, 3, 3, 3, 3, 3, 3, 3, 3, 3, 3, 3, 3], [2, 2, 3, 3, 3, 3, 3, 3, 3]]",29,7
"[2, 3, 4]","[[40, 83], [84, 118]]","[[2, 2, 2, 2, 2, 2, 2, 2, 2, 2, 2, 2, 2, 2, 2, 2, 2, 2, 2, 2, 3, 3, 3, 3, 3, 3, 3, 3, 3, 3, 3, 3, 3, 3, 3, 3, 3, 3, 4, 4, 4, 4, 4, 4], [2, 2, 2, 2, 2, 2, 2, 2, 2, 2, 2, 2, 3, 3, 3, 3, 3, 3, 3, 3, 3, 3, 3, 3, 3, 3, 3, 3, 3, 3, 3, 3, 3, 4, 4]]",79,40
"[2, 3, 4]","[[0, 17], [18, 36], [37, 45]]","[[2, 2, 2, 2, 3, 3, 3, 4, 4, 4, 4, 4, 4, 4, 4, 4, 4, 4], [2, 2, 2, 2, 2, 3, 3, 4, 4, 4, 4, 4, 4, 4, 4, 4, 4, 4, 4], [2, 2, 2, 2, 3, 3, 3, 4, 4]]",46,0
"[2, 3, 2]","[[0, 13]]","[[2, 2, 2, 2, 2, 2, 2, 2, 2, 3, 3, 2, 2, 2]]",14,0
"[2, 3, 4, 1]","[[69, 86]]","[[2, 2, 2, 2, 2, 2, 2, 2, 2, 2, 3, 3, 4, 4, 4, 4, 1, 1]]",18,122
"[2, 3, 2, 3, 2, 3]","[[27, 61]]","[[2, 2, 2, 2, 2, 2, 2, 2, 3, 3, 3, 3, 2, 2, 3, 3, 3, 2, 2, 2, 2, 2, 2, 2, 2, 2, 2, 2, 2, 2, 3, 3, 3, 3, 3]]",35,29
[],[],[],0,10
"[3, 2, 3, 2]","[[0, 30]]","[[3, 3, 3, 2, 2, 2, 2, 2, 2, 2, 2, 2, 2, 2, 2, 3, 3, 2, 2, 2, 2, 2, 2, 2, 2, 2, 2, 2, 2, 2, 2]]",31,0
[],[],[],0,29
"[1, 2, 3]","[[9, 29]]","[[1, 1, 1, 2, 2, 2, 2, 2, 2, 2, 2, 2, 3, 3, 3, 3, 3, 3, 3, 3, 3]]",21,52
"[2, 3, 4, 1, 2, 3, 4]","[[17, 46]]","[[2, 2, 2, 2, 3, 3, 3, 3, 4, 4, 4, 4, 4, 4, 1, 1, 2, 2, 2, 2, 2, 3, 3, 3, 3, 4, 4, 4, 4, 4]]",30,17
"[2, 3, 4]","[[0, 25], [63, 79]]","[[2, 2, 2, 2, 2, 3, 3, 3, 4, 4, 4, 4, 4, 4, 4, 4, 4, 4, 4, 4, 4, 4, 4, 4, 4, 4], [2, 2, 3, 3, 3, 4, 4, 4, 4, 4, 4, 4, 4, 4, 4, 4, 4]]",43,37
"[2, 3, 2]","[[0, 13]]","[[2, 2, 2, 2, 2, 2, 2, 2, 2, 2, 3, 3, 2, 2]]",14,0
"[2, 3, 4, 1, 2, 3, 4]","[[44, 81]]","[[2, 2, 2, 3, 3, 3, 3, 3, 3, 3, 3, 3, 3, 4, 4, 4, 4, 4, 4, 4, 4, 4, 4, 1, 1, 2, 2, 3, 3, 3, 4, 4, 4, 4, 4, 4, 4, 4]]",38,46
"[2, 3, 4]","[[8, 18]]","[[2, 2, 3, 3, 3, 4, 4, 4, 4, 4, 4]]",11,15
"[2, 3, 4]","[[12, 26]]","[[2, 2, 2, 2, 2, 3, 3, 4, 4, 4, 4, 4, 4, 4, 4]]",15,67
"[3, 1]","[[0, 8]]","[[3, 3, 3, 3, 1, 1, 1, 1, 1]]",9,12
[],[],[],0,34
[],[],[],0,12
[],[],[],0,1
"[3, 4, 1]","[[42, 105]]","[[3, 3, 3, 4, 4, 4, 4, 4, 4, 4, 4, 4, 4, 4, 4, 4, 4, 4, 4, 4, 4, 4, 4, 4, 4, 4, 4, 4, 4, 4, 4, 4, 4, 4, 4, 4, 4, 4, 4, 4, 4, 4, 4, 4, 4, 4, 4, 4, 4, 4, 4, 4, 4, 4, 4, 4, 4, 4, 4, 4, 4, 4, 1, 1]]",64,44
"[2, 3, 4, 1]","[[16, 33]]","[[2, 2, 2, 2, 2, 2, 3, 3, 3, 3, 3, 4, 4, 4, 4, 4, 1, 1]]",18,27
[],[],[],0,23
"[2, 3, 2, 3, 2, 3]","[[0, 44]]","[[2, 2, 2, 2, 2, 2, 2, 2, 2, 2, 2, 2, 2, 2, 2, 2, 3, 3, 2, 2, 2, 2, 2, 2, 2, 3, 3, 2, 2, 2, 2, 2, 2, 2, 2, 3, 3, 3, 3, 3, 3, 3, 3, 3, 3]]",45,0
"[4, 1]","[[5, 21]]","[[4, 4, 4, 4, 4, 4, 4, 4, 4, 4, 4, 4, 4, 4, 1, 1, 1]]",17,31
"[3, 2]","[[30, 33]]","[[3, 3, 2, 2]]",4,47
[],[],[],0,10
"[2, 3, 4]","[[12, 37]]","[[2, 2, 2, 2, 2, 2, 2, 2, 2, 2, 3, 3, 3, 4, 4, 4, 4, 4, 4, 4, 4, 4, 4, 4, 4, 4]]",26,46
"[3, 2, 3, 2]","[[0, 8]]","[[3, 3, 3, 2, 2, 3, 3, 2, 2]]",9,0
"[0, 4]","[[0, 40], [78, 88], [89, 110]]","[[0, 0, 0, 0, 0, 0, 0, 0, 0, 0, 0, 0, 0, 0, 0, 0, 0, 0, 0, 0, 0, 0, 0, 0, 0, 0, 0, 0, 4, 4, 4, 4, 4, 4, 4, 4, 4, 4, 4, 4, 4], [0, 0, 4, 4, 4, 4, 4, 4, 4, 4, 4], [0, 0, 0, 0, 0, 0, 0, 0, 0, 0, 0, 4, 4, 4, 4, 4, 4, 4, 4, 4, 4, 4]]",74,44
"[2, 3, 4]","[[2, 10], [28, 37]]","[[2, 2, 3, 3, 3, 3, 4, 4, 4], [2, 2, 3, 3, 3, 3, 3, 3, 4, 4]]",19,34
[],[],[],0,18
[],[],[],0,13
"[0, 1]","[[14, 23]]","[[0, 0, 1, 1, 1, 1, 1, 1, 1, 1]]",10,26
[],[],[],0,50
"[2, 3]","[[15, 26]]","[[2, 2, 2, 2, 2, 2, 2, 2, 2, 2, 3, 3]]",12,15
"[1, 2, 3, 4]","[[8, 28]]","[[1, 1, 1, 1, 2, 2, 2, 2, 2, 2, 3, 3, 3, 3, 3, 4, 4, 4, 4, 4, 4]]",21,61
[],[],[],0,38
[],[],[],0,35
[],[],[],0,9
"[2, 3]","[[0, 52]]","[[2, 2, 2, 2, 2, 2, 2, 2, 2, 2, 2, 2, 2, 2, 2, 2, 2, 2, 2, 2, 2, 2, 2, 3, 3, 3, 3, 3, 3, 3, 3, 3, 3, 3, 3, 3, 3, 3, 3, 3, 3, 3, 3, 3, 3, 3, 3, 3, 3, 3, 3, 3, 3]]",53,0
"[4, 1, 2]","[[15, 36], [37, 52]]","[[4, 4, 4, 4, 4, 4, 4, 4, 4, 4, 4, 4, 4, 1, 1, 2, 2, 2, 2, 2, 2, 2], [4, 4, 4, 4, 4, 4, 4, 4, 4, 1, 1, 1, 1, 2, 2, 2]]",38,15
[],[],[],0,8
[],[],[],0,34
"[1, 2]","[[9, 13]]","[[1, 1, 2, 2, 2]]",5,25
[],[],[],0,4
"[3, 4]","[[0, 20], [43, 68]]","[[3, 3, 3, 3, 3, 4, 4, 4, 4, 4, 4, 4, 4, 4, 4, 4, 4, 4, 4, 4, 4], [3, 3, 3, 3, 3, 3, 3, 3, 3, 4, 4, 4, 4, 4, 4, 4, 4, 4, 4, 4, 4, 4, 4, 4, 4, 4]]",47,22
"[2, 3, 4]","[[26, 39]]","[[2, 2, 2, 2, 3, 3, 4, 4, 4, 4, 4, 4, 4, 4]]",14,26
"[3, 4, 1, 2, 3, 4, 1, 2, 3, 4]","[[31, 131]]","[[3, 3, 3, 3, 3, 3, 3, 3, 4, 4, 4, 4, 4, 4, 4, 4, 4, 1, 1, 1, 1, 2, 2, 2, 2, 2, 2, 2, 2, 2, 2, 2, 2, 2, 2, 2, 3, 3, 3, 3, 3, 4, 4, 4, 4, 4, 4, 4, 4, 4, 4, 4, 4, 4, 1, 1, 1, 1, 1, 1, 1, 1, 1, 1, 2, 2, 2, 2, 2, 2, 2, 2, 2, 2, 2, 2, 2, 2, 2, 2, 3, 3, 3, 3, 3, 3, 3, 3, 4, 4, 4, 4, 4, 4, 4, 4, 4, 4, 4, 4, 4]]",101,31
"[1, 2]","[[0, 10]]","[[1, 1, 1, 1, 1, 2, 2, 2, 2, 2, 2]]",11,25
"[2, 3, 4]","[[11, 22]]","[[2, 2, 2, 2, 2, 2, 3, 3, 3, 4, 4, 4]]",12,11
[],[],[],0,85
"[2, 3, 4]","[[121, 153], [154, 187], [188, 221]]","[[2, 2, 2, 2, 2, 2, 2, 2, 2, 2, 2, 2, 2, 2, 2, 2, 2, 2, 2, 3, 3, 3, 3, 3, 3, 3, 3, 3, 4, 4, 4, 4, 4], [2, 2, 2, 2, 2, 2, 2, 2, 2, 2, 2, 2, 2, 2, 2, 2, 3, 3, 3, 3, 3, 3, 3, 3, 3, 3, 3, 3, 3, 4, 4, 4, 4, 4], [2, 2, 2, 2, 2, 2, 2, 2, 2, 2, 2, 2, 2, 2, 2, 2, 2, 2, 2, 2, 3, 3, 3, 3, 3, 3, 3, 3, 3, 4, 4, 4, 4, 4]]",101,124
"[3, 4, 1]","[[22, 44]]","[[3, 3, 4, 4, 4, 4, 4, 4, 4, 4, 4, 4, 4, 4, 4, 4, 4, 4, 4, 4, 1, 1, 1]]",23,31
"[1, 2]","[[2, 18], [36, 54]]","[[1, 1, 1, 1, 1, 1, 1, 1, 1, 1, 1, 1, 1, 1, 1, 2, 2], [1, 1, 1, 1, 1, 2, 2, 2, 2, 2, 2, 2, 2, 2, 2, 2, 2, 2, 2]]",36,23
"[2, 3]","[[0, 18]]","[[2, 2, 2, 2, 2, 2, 2, 2, 2, 3, 3, 3, 3, 3, 3, 3, 3, 3, 3]]",19,13
[],[],[],0,10
"[2, 3, 2, 3, 2, 3]","[[5, 42]]","[[2, 2, 2, 2, 2, 2, 3, 3, 3, 3, 3, 2, 2, 2, 2, 2, 3, 3, 3, 3, 3, 3, 3, 3, 2, 2, 2, 2, 2, 2, 3, 3, 3, 3, 3, 3, 3, 3]]",38,19
[],[],[],0,27
[],[],[],0,32
[],[],[],0,22
"[2, 3, 2, 3]","[[0, 26]]","[[2, 2, 2, 2, 2, 2, 3, 3, 3, 3, 2, 2, 2, 2, 2, 2, 2, 2, 2, 2, 3, 3, 3, 3, 3, 3, 3]]",27,16
"[2, 3]","[[15, 19]]","[[2, 2, 2, 3, 3]]",5,15
"[1, 2, 3]","[[43, 55]]","[[1, 1, 1, 1, 2, 2, 2, 2, 2, 2, 3, 3, 3]]",13,115
[],[],[],0,1
[],[],[],0,40
[],[],[],0,39
"[3, 4]","[[36, 42]]","[[3, 3, 3, 4, 4, 4, 4]]",7,36
"[2, 3, 2]","[[0, 25]]","[[2, 2, 2, 2, 2, 2, 2, 2, 2, 2, 2, 2, 3, 3, 3, 3, 2, 2, 2, 2, 2, 2, 2, 2, 2, 2]]",26,0
[],[],[],0,1
[],[],[],0,5
[],[],[],0,28
"[1, 2]","[[0, 11]]","[[1, 1, 2, 2, 2, 2, 2, 2, 2, 2, 2, 2]]",12,4
"[2, 3, 2, 3, 2, 3]","[[12, 88]]","[[2, 2, 2, 2, 2, 2, 2, 2, 2, 2, 2, 3, 3, 3, 2, 2, 2, 2, 2, 2, 2, 2, 2, 3, 3, 3, 3, 3, 3, 2, 2, 2, 2, 2, 2, 2, 2, 2, 2, 2, 2, 2, 2, 2, 2, 2, 2, 2, 3, 3, 3, 3, 3, 3, 3, 3, 3, 3, 3, 3, 3, 3, 3, 3, 3, 3, 3, 3, 3, 3, 3, 3, 3, 3, 3, 3, 3]]",77,12
"[2, 3, 4]","[[3, 63]]","[[2, 2, 2, 2, 3, 3, 3, 3, 3, 3, 3, 3, 3, 3, 3, 3, 3, 3, 4, 4, 4, 4, 4, 4, 4, 4, 4, 4, 4, 4, 4, 4, 4, 4, 4, 4, 4, 4, 4, 4, 4, 4, 4, 4, 4, 4, 4, 4, 4, 4, 4, 4, 4, 4, 4, 4, 4, 4, 4, 4, 4]]",61,53
"[3, 2, 3]","[[7, 70]]","[[3, 3, 3, 3, 2, 2, 3, 3, 3, 3, 3, 3, 3, 3, 3, 3, 3, 3, 3, 3, 3, 3, 3, 3, 3, 3, 3, 3, 3, 3, 3, 3, 3, 3, 3, 3, 3, 3, 3, 3, 3, 3, 3, 3, 3, 3, 3, 3, 3, 3, 3, 3, 3, 3, 3, 3, 3, 3, 3, 3, 3, 3, 3, 3]]",64,7
"[3, 2, 3, 2, 3]","[[0, 44]]","[[3, 3, 3, 3, 3, 3, 3, 3, 3, 3, 3, 3, 3, 3, 3, 3, 3, 3, 2, 2, 2, 2, 2, 2, 2, 2, 2, 2, 2, 3, 3, 2, 2, 2, 2, 2, 2, 2, 2, 2, 2, 2, 2, 3, 3]]",45,0
"[2, 3, 4, 1, 2]","[[16, 46]]","[[2, 2, 2, 2, 2, 3, 3, 3, 3, 4, 4, 4, 4, 4, 4, 4, 4, 4, 4, 1, 1, 1, 1, 2, 2, 2, 2, 2, 2, 2, 2]]",31,79
"[0, 1, 2, 3, 4, 1, 2, 3, 4, 1, 2, 3, 4]","[[0, 76]]","[[0, 0, 0, 0, 1, 1, 1, 2, 2, 2, 3, 3, 3, 4, 4, 4, 4, 4, 4, 1, 1, 1, 1, 1, 1, 1, 1, 2, 2, 2, 2, 2, 2, 3, 3, 3, 3, 4, 4, 4, 4, 4, 4, 4, 4, 1, 1, 1, 1, 1, 1, 1, 1, 1, 1, 1, 1, 1, 2, 2, 3, 3, 3, 3, 3, 3, 3, 3, 3, 3, 3, 3, 4, 4, 4, 4, 4]]",77,0
"[3, 2, 3, 2, 3]","[[0, 42]]","[[3, 3, 3, 3, 3, 3, 3, 3, 3, 3, 3, 2, 2, 2, 3, 3, 3, 3, 3, 3, 3, 3, 2, 2, 2, 2, 2, 2, 2, 3, 3, 3, 3, 3, 3, 3, 3, 3, 3, 3, 3, 3, 3]]",43,0
"[1, 2, 3, 4]","[[25, 60]]","[[1, 1, 1, 1, 1, 1, 1, 1, 1, 1, 1, 1, 2, 2, 2, 2, 2, 2, 2, 2, 2, 2, 3, 3, 3, 3, 3, 4, 4, 4, 4, 4, 4, 4, 4, 4]]",36,70
"[4, 1, 2]","[[4, 12]]","[[4, 4, 4, 1, 1, 1, 2, 2, 2]]",9,48
[],[],[],0,35
[],[],[],0,1
[],[],[],0,23
"[2, 3, 2, 3, 2, 3]","[[0, 61]]","[[2, 2, 2, 3, 3, 3, 3, 3, 3, 3, 3, 3, 3, 3, 3, 3, 3, 3, 3, 3, 3, 3, 3, 3, 2, 2, 2, 2, 2, 2, 2, 3, 3, 3, 3, 3, 3, 3, 3, 2, 2, 2, 2, 3, 3, 3, 3, 3, 3, 3, 3, 3, 3, 3, 3, 3, 3, 3, 3, 3, 3, 3]]",62,0
"[2, 3, 2, 3, 2, 3]","[[0, 24]]","[[2, 2, 2, 2, 3, 3, 3, 2, 2, 2, 2, 2, 3, 3, 3, 2, 2, 2, 2, 2, 2, 3, 3, 3, 3]]",25,0
"[2, 3, 2, 3, 2, 3]","[[2, 35]]","[[2, 2, 2, 3, 3, 3, 3, 3, 2, 2, 2, 2, 2, 2, 2, 2, 2, 2, 2, 2, 2, 2, 2, 3, 3, 3, 3, 2, 2, 2, 3, 3, 3, 3]]",34,2
[],[],[],0,1
[],[],[],0,2
"[2, 3, 4]","[[26, 35], [36, 46]]","[[2, 2, 2, 3, 3, 3, 3, 3, 4, 4], [2, 2, 2, 3, 3, 3, 3, 3, 4, 4, 4]]",21,72
"[2, 3, 2, 3]","[[0, 12]]","[[2, 2, 2, 2, 3, 3, 2, 2, 2, 2, 2, 3, 3]]",13,0
[],[],[],0,29
"[3, 1, 2]","[[2, 12]]","[[3, 3, 3, 3, 3, 1, 1, 1, 1, 2, 2]]",11,11
"[4, 1]","[[0, 4]]","[[4, 4, 4, 1, 1]]",5,29
"[3, 2]","[[0, 4]]","[[3, 3, 3, 2, 2]]",5,0
"[1, 2, 3, 4]","[[79, 94]]","[[1, 1, 2, 2, 2, 2, 2, 3, 3, 3, 3, 3, 3, 4, 4, 4]]",16,90
"[2, 3, 2]","[[2, 16]]","[[2, 2, 2, 2, 3, 3, 3, 3, 3, 3, 3, 3, 3, 2, 2]]",15,39
"[2, 3, 2, 3, 2, 3]","[[20, 78]]","[[2, 2, 3, 3, 3, 3, 3, 3, 3, 3, 3, 3, 3, 3, 3, 3, 2, 2, 2, 2, 2, 2, 2, 3, 3, 3, 3, 3, 3, 3, 3, 3, 3, 2, 2, 2, 2, 2, 2, 2, 2, 2, 2, 2, 2, 2, 2, 2, 2, 2, 3, 3, 3, 3, 3, 3, 3, 3, 3]]",59,20
[],[],[],0,55
"[3, 4]","[[0, 9], [10, 16], [17, 23], [24, 29], [30, 35], [36, 45]]","[[3, 3, 3, 3, 3, 3, 4, 4, 4, 4], [3, 3, 3, 3, 4, 4, 4], [3, 3, 3, 3, 4, 4, 4], [3, 3, 3, 4, 4, 4], [3, 3, 3, 4, 4, 4], [3, 3, 3, 3, 3, 4, 4, 4, 4, 4]]",46,0
"[3, 4]","[[0, 20]]","[[3, 3, 3, 3, 3, 3, 4, 4, 4, 4, 4, 4, 4, 4, 4, 4, 4, 4, 4, 4, 4]]",21,2
[],[],[],0,8
"[2, 3, 4]","[[0, 17], [18, 33]]","[[2, 2, 2, 2, 2, 2, 3, 3, 3, 3, 3, 3, 4, 4, 4, 4, 4, 4], [2, 2, 2, 2, 2, 3, 3, 3, 3, 3, 3, 3, 3, 3, 4, 4]]",34,0
[],[],[],0,28
"[2, 3, 4]","[[0, 15]]","[[2, 2, 2, 3, 3, 3, 3, 3, 4, 4, 4, 4, 4, 4, 4, 4]]",16,17
"[4, 1, 2, 3, 4]","[[9, 37]]","[[4, 4, 4, 4, 4, 1, 1, 1, 1, 1, 2, 2, 2, 2, 2, 2, 2, 2, 3, 3, 3, 3, 3, 3, 4, 4, 4, 4, 4]]",29,19
"[2, 3, 2, 3, 2, 3]","[[5, 45]]","[[2, 2, 2, 2, 2, 2, 2, 2, 2, 2, 2, 3, 3, 3, 3, 3, 3, 3, 2, 2, 2, 2, 2, 2, 2, 2, 2, 2, 2, 2, 3, 3, 2, 2, 2, 2, 2, 2, 2, 3, 3]]",41,56
"[1, 2, 3, 4]","[[30, 52]]","[[1, 1, 2, 2, 2, 2, 2, 2, 2, 2, 3, 3, 3, 3, 3, 3, 3, 3, 3, 3, 4, 4, 4]]",23,60
"[2, 3, 1, 2, 3, 1, 2]","[[0, 26]]","[[2, 2, 2, 2, 2, 2, 2, 3, 3, 3, 3, 1, 1, 2, 2, 2, 2, 2, 2, 3, 3, 3, 1, 1, 1, 2, 2]]",27,16
"[3, 4, 1]","[[17, 28]]","[[3, 3, 3, 3, 3, 4, 4, 4, 4, 4, 1, 1]]",12,23
[],[],[],0,7
"[0, 4, 1, 2, 3, 4]","[[24, 59]]","[[0, 0, 0, 4, 4, 4, 4, 4, 4, 4, 4, 4, 4, 4, 4, 4, 4, 4, 4, 1, 1, 1, 1, 1, 1, 2, 2, 3, 3, 3, 3, 3, 3, 4, 4, 4]]",36,42
"[3, 2]","[[0, 9]]","[[3, 3, 3, 3, 3, 3, 3, 3, 2, 2]]",10,2
"[2, 3, 4]","[[18, 39], [49, 68], [81, 96]]","[[2, 2, 2, 2, 2, 3, 3, 3, 3, 3, 3, 3, 3, 4, 4, 4, 4, 4, 4, 4, 4, 4], [2, 2, 2, 2, 3, 3, 3, 3, 3, 3, 3, 4, 4, 4, 4, 4, 4, 4, 4, 4], [2, 2, 2, 2, 3, 3, 3, 3, 3, 4, 4, 4, 4, 4, 4, 4]]",58,53
"[2, 3, 2]","[[7, 21]]","[[2, 2, 2, 2, 2, 2, 3, 3, 3, 3, 3, 2, 2, 2, 2]]",15,43
[],[],[],0,78
"[2, 3]","[[0, 9]]","[[2, 2, 3, 3, 3, 3, 3, 3, 3, 3]]",10,0
"[2, 3]","[[7, 14], [17, 22], [23, 27]]","[[2, 2, 2, 2, 3, 3, 3, 3], [2, 2, 3, 3, 3, 3], [2, 2, 3, 3, 3]]",19,9
"[3, 2, 3, 2, 3]","[[0, 16]]","[[3, 3, 3, 3, 3, 3, 3, 2, 2, 2, 3, 3, 2, 2, 3, 3, 3]]",17,0
"[2, 3, 4, 1, 2, 3, 4]","[[13, 55]]","[[2, 2, 2, 2, 2, 2, 2, 2, 2, 2, 2, 2, 3, 3, 3, 3, 3, 3, 3, 3, 3, 3, 3, 3, 4, 4, 1, 1, 2, 2, 2, 2, 2, 2, 2, 2, 2, 2, 3, 3, 3, 4, 4]]",43,35
"[2, 3, 4]","[[15, 30]]","[[2, 2, 3, 3, 4, 4, 4, 4, 4, 4, 4, 4, 4, 4, 4, 4]]",16,15
[],[],[],0,18
[],[],[],0,30
[],[],[],0,12
"[0, 4]","[[0, 3], [4, 10], [11, 16], [17, 22]]","[[0, 0, 4, 4], [0, 0, 0, 4, 4, 4, 4], [0, 0, 0, 0, 4, 4], [0, 0, 0, 0, 4, 4]]",23,26
[],[],[],0,37
[],[],[],0,34
[],[],[],0,7
"[2, 3, 2, 3, 2, 3]","[[0, 29]]","[[2, 2, 2, 2, 3, 3, 3, 3, 3, 3, 2, 2, 2, 3, 3, 3, 3, 2, 2, 2, 2, 2, 2, 2, 2, 2, 2, 2, 3, 3]]",30,6
"[0, 1]","[[0, 11]]","[[0, 0, 0, 1, 1, 1, 1, 1, 1, 1, 1, 1]]",12,14
"[1, 2, 3, 4, 1, 2, 3, 4, 1, 2]","[[0, 80]]","[[1, 1, 1, 1, 1, 1, 1, 1, 1, 2, 2, 2, 2, 3, 3, 3, 3, 4, 4, 4, 4, 4, 4, 4, 1, 1, 1, 1, 1, 1, 1, 1, 1, 1, 1, 1, 1, 1, 1, 1, 1, 1, 1, 1, 2, 2, 3, 3, 4, 4, 4, 4, 4, 4, 4, 4, 4, 4, 4, 4, 1, 1, 1, 1, 1, 1, 1, 1, 1, 1, 1, 1, 1, 1, 1, 1, 1, 1, 2, 2, 2]]",81,11
[],[],[],0,34
"[3, 2, 3, 2, 3]","[[0, 21]]","[[3, 3, 3, 3, 3, 3, 3, 2, 2, 3, 3, 3, 2, 2, 2, 2, 2, 3, 3, 3, 3, 3]]",22,0
"[3, 2, 3]","[[0, 44]]","[[3, 3, 3, 3, 3, 3, 3, 2, 2, 3, 3, 3, 3, 3, 3, 3, 3, 3, 3, 3, 3, 3, 3, 3, 3, 3, 3, 3, 3, 3, 3, 3, 3, 3, 3, 3, 3, 3, 3, 3, 3, 3, 3, 3, 3]]",45,0
"[0, 1, 2]","[[0, 63], [67, 82]]","[[0, 0, 0, 0, 0, 0, 0, 0, 0, 0, 0, 0, 0, 0, 0, 0, 0, 0, 0, 0, 0, 0, 0, 0, 0, 0, 0, 0, 0, 0, 0, 0, 0, 0, 0, 0, 0, 0, 0, 0, 0, 0, 0, 0, 0, 0, 1, 1, 1, 1, 1, 1, 1, 1, 1, 2, 2, 2, 2, 2, 2, 2, 2, 2], [0, 0, 1, 1, 1, 1, 1, 1, 2, 2, 2, 2, 2, 2, 2, 2]]",80,22
"[2, 3, 2, 3]","[[0, 64]]","[[2, 2, 2, 2, 2, 2, 2, 2, 2, 2, 2, 2, 2, 2, 2, 2, 2, 2, 2, 2, 2, 2, 2, 2, 2, 2, 2, 2, 2, 2, 2, 2, 2, 2, 2, 2, 2, 2, 2, 2, 3, 3, 3, 2, 2, 2, 2, 3, 3, 3, 3, 3, 3, 3, 3, 3, 3, 3, 3, 3, 3, 3, 3, 3, 3]]",65,0
"[0, 1, 2]","[[0, 98]]","[[0, 0, 0, 0, 0, 0, 0, 0, 0, 0, 0, 0, 0, 0, 0, 0, 0, 0, 0, 0, 0, 0, 0, 0, 0, 0, 0, 0, 0, 0, 0, 0, 0, 0, 0, 0, 0, 0, 0, 0, 0, 0, 0, 0, 0, 0, 0, 0, 0, 0, 0, 0, 0, 0, 0, 0, 0, 0, 0, 0, 0, 0, 0, 0, 0, 0, 0, 0, 0, 0, 0, 0, 0, 0, 0, 0, 0, 0, 0, 0, 0, 1, 1, 1, 1, 1, 1, 1, 1, 1, 1, 1, 1, 1, 2, 2, 2, 2, 2]]",99,38
"[4, 1, 2, 3, 4, 1, 2]","[[25, 68]]","[[4, 4, 4, 1, 1, 1, 1, 1, 1, 1, 1, 2, 2, 2, 2, 2, 2, 3, 3, 3, 3, 3, 3, 3, 3, 4, 4, 4, 4, 4, 4, 1, 1, 1, 1, 1, 1, 2, 2, 2, 2, 2, 2, 2]]",44,44
"[2, 3, 4]","[[39, 47]]","[[2, 2, 3, 3, 3, 3, 4, 4, 4]]",9,46
"[2, 3, 2, 3]","[[0, 44]]","[[2, 2, 2, 2, 2, 2, 2, 2, 2, 2, 2, 2, 3, 3, 3, 3, 3, 3, 2, 2, 2, 2, 2, 2, 3, 3, 3, 3, 3, 3, 3, 3, 3, 3, 3, 3, 3, 3, 3, 3, 3, 3, 3, 3, 3]]",45,0
[],[],[],0,11
"[3, 4]","[[0, 12]]","[[3, 3, 3, 3, 3, 3, 3, 3, 4, 4, 4, 4, 4]]",13,0
"[2, 3, 2, 3]","[[0, 28]]","[[2, 2, 2, 2, 2, 2, 3, 3, 3, 3, 3, 3, 3, 3, 3, 3, 3, 2, 2, 3, 3, 3, 3, 3, 3, 3, 3, 3, 3]]",29,0
"[2, 3, 4]","[[0, 21], [22, 40], [45, 61]]","[[2, 2, 2, 2, 2, 3, 3, 3, 3, 3, 3, 3, 3, 3, 3, 3, 3, 3, 4, 4, 4, 4], [2, 2, 2, 2, 2, 2, 3, 3, 3, 3, 3, 3, 3, 3, 4, 4, 4, 4, 4], [2, 2, 2, 2, 2, 2, 2, 2, 3, 3, 3, 3, 3, 4, 4, 4, 4]]",58,4
"[2, 3, 4]","[[0, 10], [15, 27], [28, 38]]","[[2, 2, 2, 2, 2, 2, 3, 3, 4, 4, 4], [2, 2, 2, 2, 2, 2, 3, 3, 4, 4, 4, 4, 4], [2, 2, 2, 2, 2, 3, 3, 4, 4, 4, 4]]",35,4
"[2, 3, 4]","[[9, 25]]","[[2, 2, 2, 2, 2, 2, 2, 2, 2, 2, 3, 3, 4, 4, 4, 4, 4]]",17,25
"[1, 2, 3, 1]","[[0, 15]]","[[1, 1, 1, 2, 2, 2, 2, 2, 2, 2, 2, 3, 3, 3, 1, 1]]",16,0
"[0, 4]","[[0, 14], [15, 19], [20, 24]]","[[0, 0, 0, 0, 0, 0, 0, 0, 0, 0, 0, 0, 4, 4, 4], [0, 0, 0, 4, 4], [0, 0, 4, 4, 4]]",25,65
"[0, 1, 2, 3]","[[0, 56], [102, 125]]","[[0, 0, 0, 0, 0, 0, 0, 0, 0, 0, 0, 0, 0, 0, 0, 0, 0, 0, 0, 0, 0, 0, 0, 0, 0, 0, 0, 0, 0, 0, 0, 0, 0, 0, 0, 0, 0, 0, 1, 1, 1, 1, 1, 1, 1, 1, 1, 1, 1, 2, 2, 2, 2, 3, 3, 3, 3], [0, 0, 0, 0, 0, 0, 1, 1, 1, 1, 1, 1, 1, 1, 1, 1, 1, 1, 1, 1, 2, 2, 3, 3]]",81,75
"[2, 3, 4, 1, 2, 3, 4]","[[2, 35]]","[[2, 2, 2, 3, 3, 4, 4, 4, 4, 4, 1, 1, 2, 2, 2, 2, 2, 3, 3, 3, 3, 3, 3, 4, 4, 4, 4, 4, 4, 4, 4, 4, 4, 4]]",34,2
"[3, 4]","[[7, 16]]","[[3, 3, 3, 3, 3, 4, 4, 4, 4, 4]]",10,7
[],[],[],0,53
"[3, 4, 1, 2, 3, 4, 1, 2, 3, 4]","[[4, 45]]","[[3, 3, 3, 3, 3, 3, 4, 4, 4, 1, 1, 1, 1, 2, 2, 3, 3, 3, 3, 3, 4, 4, 4, 4, 1, 1, 1, 1, 1, 1, 1, 1, 1, 1, 2, 2, 2, 3, 3, 3, 4, 4]]",42,4
"[2, 3, 4, 1, 2, 3, 4]","[[96, 115]]","[[2, 2, 3, 3, 3, 3, 4, 4, 4, 1, 1, 2, 2, 2, 2, 3, 3, 3, 4, 4]]",20,101
"[4, 1, 2]","[[11, 40]]","[[4, 4, 4, 4, 4, 1, 1, 1, 1, 1, 1, 1, 1, 1, 1, 1, 1, 1, 2, 2, 2, 2, 2, 2, 2, 2, 2, 2, 2, 2]]",30,63
"[4, 1, 2]","[[73, 89]]","[[4, 4, 4, 4, 4, 4, 4, 4, 4, 4, 4, 4, 4, 1, 1, 2, 2]]",17,256
"[2, 3]","[[0, 8]]","[[2, 2, 3, 3, 3, 3, 3, 3, 3]]",9,39
[],[],[],0,28
"[2, 3, 2, 3, 2, 3]","[[7, 33]]","[[2, 2, 2, 2, 3, 3, 3, 3, 2, 2, 2, 3, 3, 2, 2, 2, 2, 2, 2, 2, 2, 3, 3, 3, 3, 3, 3]]",27,7
"[3, 2, 3]","[[7, 26]]","[[3, 3, 3, 3, 3, 3, 3, 3, 3, 3, 3, 2, 2, 2, 2, 3, 3, 3, 3, 3]]",20,7
"[1, 2, 3, 4]","[[0, 31]]","[[1, 1, 1, 1, 1, 2, 2, 3, 3, 3, 3, 4, 4, 4, 4, 4, 4, 4, 4, 4, 4, 4, 4, 4, 4, 4, 4, 4, 4, 4, 4, 4]]",32,0
[],[],[],0,4
"[3, 2]","[[0, 14]]","[[3, 3, 3, 2, 2, 2, 2, 2, 2, 2, 2, 2, 2, 2, 2]]",15,28
"[2, 3, 2, 3, 2, 3]","[[15, 38]]","[[2, 2, 3, 3, 2, 2, 3, 3, 3, 3, 2, 2, 2, 2, 3, 3, 3, 3, 3, 3, 3, 3, 3, 3]]",24,15
"[2, 3, 2]","[[0, 17]]","[[2, 2, 2, 2, 2, 3, 3, 3, 3, 3, 3, 3, 3, 3, 3, 3, 2, 2]]",18,60
[],[],[],0,27
"[0, 4, 1, 2]","[[56, 88]]","[[0, 0, 0, 0, 0, 0, 0, 0, 0, 4, 4, 4, 1, 1, 1, 1, 1, 1, 1, 1, 1, 1, 1, 1, 1, 1, 1, 1, 1, 2, 2, 2, 2]]",33,126
"[2, 3, 4]","[[2, 12], [13, 25]]","[[2, 2, 2, 2, 3, 3, 3, 4, 4, 4, 4], [2, 2, 3, 3, 4, 4, 4, 4, 4, 4, 4, 4, 4]]",24,2
[],[],[],0,1
"[0, 4, 1]","[[0, 29]]","[[0, 0, 0, 0, 0, 4, 4, 4, 4, 4, 4, 4, 4, 4, 4, 4, 4, 4, 4, 4, 4, 4, 4, 4, 4, 4, 4, 4, 1, 1]]",30,25
[],[],[],0,20
"[3, 4]","[[5, 9], [10, 14]]","[[3, 3, 4, 4, 4], [3, 3, 4, 4, 4]]",10,5
"[0, 4, 1, 2, 3, 4]","[[0, 21]]","[[0, 0, 0, 0, 4, 4, 1, 1, 2, 2, 2, 2, 3, 3, 3, 4, 4, 4, 4, 4, 4, 4]]",22,30
"[1, 2]","[[0, 49]]","[[1, 1, 1, 1, 1, 1, 1, 1, 1, 1, 1, 1, 1, 1, 1, 2, 2, 2, 2, 2, 2, 2, 2, 2, 2, 2, 2, 2, 2, 2, 2, 2, 2, 2, 2, 2, 2, 2, 2, 2, 2, 2, 2, 2, 2, 2, 2, 2, 2, 2]]",50,0
"[1, 2]","[[121, 137]]","[[1, 1, 1, 1, 2, 2, 2, 2, 2, 2, 2, 2, 2, 2, 2, 2, 2]]",17,147
"[4, 1, 2]","[[6, 13]]","[[4, 4, 4, 4, 1, 1, 2, 2]]",8,13
[],[],[],0,36
"[1, 2, 3, 1]","[[4, 27]]","[[1, 1, 1, 1, 1, 2, 2, 2, 3, 3, 3, 3, 3, 3, 3, 3, 3, 1, 1, 1, 1, 1, 1, 1]]",24,14
[],[],[],0,15
[],[],[],0,12
"[0, 1, 2]","[[0, 56]]","[[0, 0, 0, 0, 0, 0, 0, 0, 0, 0, 0, 0, 0, 0, 0, 0, 0, 0, 0, 0, 0, 0, 0, 0, 0, 0, 0, 0, 0, 0, 0, 0, 0, 0, 0, 0, 0, 0, 0, 0, 0, 0, 0, 0, 1, 1, 1, 1, 1, 1, 1, 1, 2, 2, 2, 2, 2]]",57,70
"[2, 3, 4]","[[8, 32], [33, 49], [58, 76]]","[[2, 2, 2, 2, 2, 2, 2, 2, 3, 3, 3, 3, 3, 3, 3, 3, 3, 3, 3, 3, 3, 3, 4, 4, 4], [2, 2, 2, 2, 2, 2, 3, 3, 3, 3, 3, 3, 3, 3, 4, 4, 4], [2, 2, 2, 3, 3, 3, 3, 3, 3, 3, 3, 3, 4, 4, 4, 4, 4, 4, 4]]",61,24
"[4, 1]","[[7, 12]]","[[4, 4, 4, 4, 1, 1]]",6,18
[],[],[],0,2
"[2, 3, 2, 3, 2, 3]","[[3, 27]]","[[2, 2, 2, 2, 2, 3, 3, 3, 3, 2, 2, 3, 3, 3, 3, 3, 3, 3, 3, 2, 2, 2, 3, 3, 3]]",25,3
"[2, 3, 4]","[[0, 15], [36, 56]]","[[2, 2, 2, 2, 2, 2, 2, 2, 3, 3, 4, 4, 4, 4, 4, 4], [2, 2, 2, 2, 2, 2, 2, 2, 2, 2, 2, 2, 2, 3, 3, 3, 3, 3, 4, 4, 4]]",37,20
[],[],[],0,38
"[2, 3, 2, 3]","[[0, 29]]","[[2, 2, 2, 2, 3, 3, 3, 3, 3, 3, 3, 3, 2, 2, 2, 2, 2, 3, 3, 3, 3, 3, 3, 3, 3, 3, 3, 3, 3, 3]]",30,9
"[3, 2, 3, 2]","[[16, 33]]","[[3, 3, 3, 3, 3, 2, 2, 3, 3, 3, 3, 3, 3, 3, 3, 2, 2, 2]]",18,16
[],[],[],0,36
"[3, 1, 2]","[[5, 12]]","[[3, 3, 3, 3, 1, 1, 2, 2]]",8,7
[],[],[],0,19
"[2, 3, 2, 3]","[[0, 21]]","[[2, 2, 2, 2, 2, 2, 3, 3, 3, 3, 3, 2, 2, 2, 3, 3, 3, 3, 3, 3, 3, 3]]",22,20
"[0, 1, 2]","[[0, 21]]","[[0, 0, 0, 0, 0, 0, 0, 0, 1, 1, 1, 1, 1, 1, 1, 1, 1, 1, 2, 2, 2, 2]]",22,0
[],[],[],0,20
"[2, 3, 4]","[[5, 13], [14, 36], [46, 53]]","[[2, 2, 2, 3, 3, 3, 4, 4, 4], [2, 2, 2, 2, 2, 2, 2, 2, 2, 2, 2, 2, 2, 2, 2, 2, 2, 3, 3, 3, 4, 4, 4], [2, 2, 3, 3, 4, 4, 4, 4]]",40,24
"[2, 3, 2, 3, 2, 3]","[[0, 66]]","[[2, 2, 2, 2, 2, 2, 2, 2, 2, 2, 2, 2, 2, 2, 3, 3, 3, 3, 3, 3, 3, 3, 3, 2, 2, 2, 2, 2, 2, 2, 2, 2, 2, 2, 2, 2, 2, 2, 2, 2, 2, 3, 3, 3, 3, 3, 3, 3, 2, 2, 2, 2, 2, 2, 2, 2, 2, 2, 2, 2, 2, 2, 3, 3, 3, 3, 3]]",67,0
"[1, 2, 3, 4, 1]","[[0, 44]]","[[1, 1, 1, 1, 1, 1, 1, 1, 1, 1, 1, 1, 2, 2, 2, 2, 2, 3, 3, 3, 3, 3, 3, 4, 4, 4, 4, 4, 4, 4, 4, 4, 4, 4, 4, 4, 1, 1, 1, 1, 1, 1, 1, 1, 1]]",45,65
[],[],[],0,10
"[1, 2, 3, 1]","[[0, 13]]","[[1, 1, 2, 2, 3, 3, 3, 3, 3, 3, 3, 1, 1, 1]]",14,7
[],[],[],0,68
"[1, 2, 3, 4]","[[11, 51]]","[[1, 1, 1, 1, 1, 1, 1, 1, 1, 1, 1, 1, 2, 2, 2, 2, 2, 3, 3, 3, 3, 3, 3, 3, 3, 4, 4, 4, 4, 4, 4, 4, 4, 4, 4, 4, 4, 4, 4, 4, 4]]",41,74
"[2, 3]","[[0, 15]]","[[2, 2, 2, 2, 2, 2, 2, 2, 2, 2, 2, 2, 2, 3, 3, 3]]",16,10
"[1, 2]","[[0, 4]]","[[1, 1, 2, 2, 2]]",5,20
"[4, 1]","[[3, 33], [34, 54]]","[[4, 4, 4, 4, 4, 4, 4, 4, 4, 4, 4, 4, 4, 1, 1, 1, 1, 1, 1, 1, 1, 1, 1, 1, 1, 1, 1, 1, 1, 1, 1], [4, 4, 4, 4, 4, 4, 4, 4, 4, 4, 4, 4, 4, 4, 1, 1, 1, 1, 1, 1, 1]]",52,13
[],[],[],0,3
"[1, 2]","[[0, 3]]","[[1, 1, 2, 2]]",4,4
"[2, 3]","[[0, 6]]","[[2, 2, 3, 3, 3, 3, 3]]",7,5
"[2, 3, 2, 3, 2]","[[0, 44]]","[[2, 2, 2, 2, 2, 2, 2, 2, 2, 2, 2, 2, 2, 2, 2, 2, 2, 3, 3, 3, 3, 2, 2, 2, 2, 2, 2, 3, 3, 3, 3, 2, 2, 2, 2, 2, 2, 2, 2, 2, 2, 2, 2, 2, 2]]",45,0
"[2, 3, 2, 3, 2, 3]","[[0, 15]]","[[2, 2, 3, 3, 3, 2, 2, 3, 3, 3, 2, 2, 3, 3, 3, 3]]",16,0
[],[],[],0,2
[],[],[],0,26
"[2, 3, 4]","[[11, 23], [24, 36]]","[[2, 2, 2, 2, 3, 3, 3, 3, 3, 4, 4, 4, 4], [2, 2, 2, 2, 2, 3, 3, 4, 4, 4, 4, 4, 4]]",26,11
"[3, 1]","[[2, 8]]","[[3, 3, 3, 3, 3, 1, 1]]",7,2
[],[],[],0,1
"[2, 3, 4]","[[159, 181], [207, 218]]","[[2, 2, 2, 2, 2, 2, 2, 2, 2, 2, 2, 2, 2, 2, 3, 3, 3, 3, 4, 4, 4, 4, 4], [2, 2, 2, 2, 3, 3, 3, 3, 4, 4, 4, 4]]",35,184
"[1, 2]","[[22, 36]]","[[1, 1, 1, 1, 1, 1, 2, 2, 2, 2, 2, 2, 2, 2, 2]]",15,27
"[0, 1, 2, 3]","[[0, 25]]","[[0, 0, 0, 0, 0, 0, 0, 0, 0, 0, 1, 1, 1, 1, 1, 2, 2, 2, 2, 2, 3, 3, 3, 3, 3, 3]]",26,49
"[3, 4]","[[8, 45]]","[[3, 3, 3, 3, 3, 3, 3, 3, 3, 3, 4, 4, 4, 4, 4, 4, 4, 4, 4, 4, 4, 4, 4, 4, 4, 4, 4, 4, 4, 4, 4, 4, 4, 4, 4, 4, 4, 4]]",38,8
[],[],[],0,1
[],[],[],0,19
[],[],[],0,4
[],[],[],0,15
"[2, 3, 4]","[[15, 25], [26, 35]]","[[2, 2, 2, 3, 3, 3, 4, 4, 4, 4, 4], [2, 2, 2, 2, 3, 3, 4, 4, 4, 4]]",21,15
"[2, 3, 4]","[[20, 42]]","[[2, 2, 2, 2, 2, 2, 2, 2, 2, 2, 2, 3, 3, 4, 4, 4, 4, 4, 4, 4, 4, 4, 4]]",23,60
"[4, 1, 2]","[[2, 41]]","[[4, 4, 4, 4, 4, 4, 4, 4, 4, 4, 4, 4, 4, 4, 4, 4, 4, 4, 4, 4, 4, 4, 4, 4, 4, 4, 4, 4, 4, 4, 4, 4, 1, 1, 2, 2, 2, 2, 2, 2]]",40,12
"[1, 2]","[[19, 25], [68, 81]]","[[1, 1, 1, 1, 2, 2, 2], [1, 1, 2, 2, 2, 2, 2, 2, 2, 2, 2, 2, 2, 2]]",21,87
[],[],[],0,13
"[2, 3, 2, 3]","[[18, 43]]","[[2, 2, 2, 2, 2, 3, 3, 3, 3, 3, 3, 3, 3, 3, 3, 3, 3, 2, 2, 2, 2, 2, 2, 3, 3, 3]]",26,18
"[4, 1, 2]","[[23, 31]]","[[4, 4, 4, 1, 1, 1, 2, 2, 2]]",9,46
[],[],[],0,45
[],[],[],0,22
"[1, 2, 3, 4]","[[2, 31]]","[[1, 1, 1, 2, 2, 2, 2, 2, 3, 3, 3, 3, 3, 3, 3, 3, 3, 3, 3, 3, 4, 4, 4, 4, 4, 4, 4, 4, 4, 4]]",30,32
[],[],[],0,48
"[2, 3, 4]","[[0, 13], [14, 33]]","[[2, 2, 2, 2, 3, 3, 3, 3, 4, 4, 4, 4, 4, 4], [2, 2, 2, 2, 2, 3, 3, 3, 3, 3, 4, 4, 4, 4, 4, 4, 4, 4, 4, 4]]",34,10
[],[],[],0,26
"[2, 3, 2]","[[25, 40]]","[[2, 2, 2, 2, 2, 2, 2, 3, 3, 3, 3, 3, 3, 3, 2, 2]]",16,53
[],[],[],0,15
"[0, 1, 2, 3]","[[0, 14]]","[[0, 0, 0, 0, 1, 1, 1, 1, 1, 2, 2, 3, 3, 3, 3]]",15,33
[],[],[],0,6
"[1, 2]","[[10, 15], [16, 23], [24, 39]]","[[1, 1, 1, 1, 2, 2], [1, 1, 1, 1, 1, 1, 2, 2], [1, 1, 1, 1, 1, 1, 1, 1, 1, 1, 1, 1, 1, 2, 2, 2]]",30,10
"[0, 4]","[[0, 8]]","[[0, 0, 0, 0, 0, 0, 4, 4, 4]]",9,8
"[2, 3]","[[0, 9]]","[[2, 2, 3, 3, 3, 3, 3, 3, 3, 3]]",10,0
"[2, 3, 4]","[[2, 16], [17, 35], [36, 52]]","[[2, 2, 2, 2, 3, 3, 3, 4, 4, 4, 4, 4, 4, 4, 4], [2, 2, 2, 2, 2, 2, 2, 2, 2, 2, 2, 2, 3, 3, 4, 4, 4, 4, 4], [2, 2, 2, 2, 2, 2, 2, 3, 3, 3, 3, 4, 4, 4, 4, 4, 4]]",51,2
[],[],[],0,82
"[2, 3, 2]","[[0, 123]]","[[2, 2, 2, 2, 2, 2, 2, 2, 2, 2, 2, 2, 2, 2, 2, 2, 2, 2, 2, 2, 2, 2, 2, 2, 2, 2, 2, 2, 2, 2, 2, 2, 2, 2, 2, 2, 2, 2, 2, 2, 2, 2, 2, 2, 2, 2, 2, 2, 2, 2, 2, 2, 2, 2, 2, 2, 2, 2, 2, 2, 2, 2, 2, 2, 2, 2, 2, 2, 2, 2, 2, 2, 2, 2, 2, 2, 2, 2, 2, 2, 2, 2, 3, 3, 3, 3, 2, 2, 2, 2, 2, 2, 2, 2, 2, 2, 2, 2, 2, 2, 2, 2, 2, 2, 2, 2, 2, 2, 2, 2, 2, 2, 2, 2, 2, 2, 2, 2, 2, 2, 2, 2, 2, 2]]",124,0
"[0, 1, 2, 3]","[[41, 55]]","[[0, 0, 0, 0, 0, 0, 1, 1, 2, 2, 2, 3, 3, 3, 3]]",15,46
"[0, 1]","[[0, 9]]","[[0, 0, 0, 0, 0, 0, 0, 0, 1, 1]]",10,17
"[0, 4]","[[0, 24]]","[[0, 0, 0, 0, 0, 0, 0, 0, 0, 4, 4, 4, 4, 4, 4, 4, 4, 4, 4, 4, 4, 4, 4, 4, 4]]",25,55
[],[],[],0,61
"[2, 3, 2, 3, 2, 3]","[[0, 43]]","[[2, 2, 2, 2, 2, 2, 2, 2, 2, 2, 2, 3, 3, 3, 3, 2, 2, 2, 2, 2, 2, 2, 2, 2, 2, 3, 3, 3, 2, 2, 2, 2, 2, 2, 2, 2, 2, 2, 2, 2, 2, 3, 3, 3]]",44,0
"[2, 3, 4]","[[0, 15], [19, 33], [41, 72]]","[[2, 2, 2, 3, 3, 3, 3, 3, 3, 3, 3, 3, 4, 4, 4, 4], [2, 2, 2, 3, 3, 3, 3, 3, 3, 3, 4, 4, 4, 4, 4], [2, 2, 2, 2, 2, 2, 3, 3, 3, 3, 3, 3, 3, 3, 3, 3, 3, 3, 3, 3, 3, 3, 3, 3, 3, 3, 3, 4, 4, 4, 4, 4]]",63,12
"[2, 3, 4]","[[6, 17], [18, 37]]","[[2, 2, 2, 2, 2, 3, 3, 3, 4, 4, 4, 4], [2, 2, 2, 2, 2, 2, 2, 2, 3, 3, 3, 3, 3, 3, 3, 4, 4, 4, 4, 4]]",32,22
[],[],[],0,58
"[3, 2, 3]","[[0, 5]]","[[3, 3, 2, 2, 3, 3]]",6,0
"[2, 3, 2, 3, 2, 3]","[[0, 43]]","[[2, 2, 2, 2, 2, 2, 2, 2, 2, 2, 2, 2, 2, 3, 3, 3, 3, 2, 2, 2, 2, 2, 2, 2, 2, 2, 2, 2, 2, 2, 2, 2, 2, 3, 3, 3, 3, 2, 2, 3, 3, 3, 3, 3]]",44,0
"[0, 4]","[[0, 4]]","[[0, 0, 4, 4, 4]]",5,27
"[2, 3, 4]","[[10, 26], [33, 46], [47, 68]]","[[2, 2, 2, 2, 2, 2, 3, 3, 3, 3, 3, 3, 4, 4, 4, 4, 4], [2, 2, 2, 2, 2, 2, 3, 3, 3, 3, 3, 4, 4, 4], [2, 2, 2, 2, 2, 2, 2, 2, 2, 2, 3, 3, 3, 3, 3, 3, 3, 4, 4, 4, 4, 4]]",53,16
"[2, 3]","[[0, 30]]","[[2, 2, 2, 2, 2, 2, 2, 2, 2, 2, 2, 2, 2, 2, 2, 2, 2, 2, 2, 2, 2, 2, 2, 3, 3, 3, 3, 3, 3, 3, 3]]",31,0
"[0, 1, 2, 3, 4]","[[48, 78]]","[[0, 0, 0, 1, 1, 1, 1, 1, 1, 1, 1, 1, 1, 1, 2, 2, 2, 2, 2, 2, 2, 3, 3, 3, 3, 3, 3, 3, 3, 4, 4]]",31,80
[],[],[],0,43
[],[],[],0,20
[],[],[],0,27
[],[],[],0,17
[],[],[],0,52
"[2, 3]","[[0, 12]]","[[2, 2, 2, 2, 2, 2, 2, 3, 3, 3, 3, 3, 3]]",13,12
[],[],[],0,27
"[1, 2, 3]","[[19, 33], [39, 48], [60, 69]]","[[1, 1, 1, 1, 1, 1, 2, 2, 2, 2, 2, 3, 3, 3, 3], [1, 1, 1, 2, 2, 2, 2, 3, 3, 3], [1, 1, 1, 1, 1, 2, 2, 2, 3, 3]]",35,55
[],[],[],0,2
"[3, 2, 3, 2]","[[21, 37]]","[[3, 3, 3, 3, 3, 3, 3, 2, 2, 3, 3, 2, 2, 2, 2, 2, 2]]",17,21
"[3, 2, 3, 2, 3]","[[13, 28]]","[[3, 3, 2, 2, 2, 2, 2, 2, 3, 3, 3, 3, 2, 2, 3, 3]]",16,13
"[4, 1]","[[0, 13]]","[[4, 4, 4, 4, 4, 4, 4, 4, 4, 4, 4, 4, 1, 1]]",14,9
"[1, 2, 3]","[[2, 7]]","[[1, 1, 2, 2, 3, 3]]",6,74
"[3, 4]","[[6, 29]]","[[3, 3, 3, 4, 4, 4, 4, 4, 4, 4, 4, 4, 4, 4, 4, 4, 4, 4, 4, 4, 4, 4, 4, 4]]",24,6
"[3, 1]","[[5, 15], [23, 32]]","[[3, 3, 3, 3, 3, 3, 3, 3, 3, 1, 1], [3, 3, 1, 1, 1, 1, 1, 1, 1, 1]]",21,19
"[2, 3]","[[6, 23]]","[[2, 2, 2, 2, 2, 2, 2, 2, 2, 2, 2, 2, 2, 2, 2, 3, 3, 3]]",18,19
[],[],[],0,35
"[1, 2]","[[0, 7], [8, 14]]","[[1, 1, 1, 1, 1, 1, 2, 2], [1, 1, 1, 2, 2, 2, 2]]",15,3
"[1, 2]","[[38, 53]]","[[1, 1, 1, 1, 1, 1, 1, 1, 1, 1, 1, 2, 2, 2, 2, 2]]",16,52
[],[],[],0,5
"[3, 4]","[[0, 17]]","[[3, 3, 3, 3, 3, 3, 3, 4, 4, 4, 4, 4, 4, 4, 4, 4, 4, 4]]",18,0
"[2, 3, 2, 3, 2, 3]","[[0, 29]]","[[2, 2, 2, 3, 3, 3, 3, 2, 2, 2, 2, 2, 2, 2, 3, 3, 3, 3, 3, 3, 2, 2, 2, 2, 2, 2, 2, 2, 3, 3]]",30,22
"[1, 2, 3, 4, 1, 2, 3, 4]","[[118, 188]]","[[1, 1, 1, 1, 1, 1, 1, 1, 1, 1, 2, 2, 2, 2, 2, 2, 2, 2, 2, 2, 2, 3, 3, 3, 3, 3, 3, 4, 4, 4, 4, 4, 4, 4, 1, 1, 1, 1, 1, 1, 1, 1, 1, 1, 1, 1, 1, 1, 2, 2, 2, 2, 2, 2, 3, 3, 3, 3, 3, 3, 3, 3, 3, 3, 3, 4, 4, 4, 4, 4, 4]]",71,225
"[3, 1, 2]","[[30, 39]]","[[3, 3, 1, 1, 1, 1, 2, 2, 2, 2]]",10,78
[],[],[],0,15
[],[],[],0,12
[],[],[],0,8
"[3, 2, 3, 2, 3]","[[0, 21]]","[[3, 3, 3, 3, 3, 3, 2, 2, 2, 3, 3, 3, 3, 3, 3, 2, 2, 2, 3, 3, 3, 3]]",22,12
[],[],[],0,1
"[3, 4]","[[20, 31], [32, 42]]","[[3, 3, 3, 4, 4, 4, 4, 4, 4, 4, 4, 4], [3, 3, 3, 3, 4, 4, 4, 4, 4, 4, 4]]",23,20
"[2, 3, 4]","[[31, 40]]","[[2, 2, 3, 3, 4, 4, 4, 4, 4, 4]]",10,52
"[0, 4]","[[103, 113]]","[[0, 0, 4, 4, 4, 4, 4, 4, 4, 4, 4]]",11,128
[],[],[],0,44
"[3, 4]","[[20, 34]]","[[3, 3, 3, 3, 4, 4, 4, 4, 4, 4, 4, 4, 4, 4, 4]]",15,20
"[2, 3, 2, 3, 2, 3]","[[0, 23]]","[[2, 2, 2, 2, 2, 2, 3, 3, 2, 2, 2, 2, 2, 2, 3, 3, 2, 2, 2, 3, 3, 3, 3, 3]]",24,7
"[1, 2, 3, 1, 2, 3, 1, 2, 3]","[[44, 113]]","[[1, 1, 1, 1, 1, 1, 1, 1, 1, 1, 1, 1, 2, 2, 2, 2, 2, 2, 3, 3, 3, 3, 3, 3, 3, 3, 3, 3, 3, 1, 1, 1, 1, 1, 1, 1, 2, 2, 2, 2, 2, 3, 3, 3, 3, 3, 3, 3, 3, 3, 1, 1, 1, 1, 1, 1, 1, 2, 2, 2, 2, 3, 3, 3, 3, 3, 3, 3, 3, 3]]",70,48
[],[],[],0,6
[],[],[],0,18
[],[],[],0,53
"[2, 3, 2]","[[0, 10]]","[[2, 2, 2, 2, 3, 3, 3, 3, 2, 2, 2]]",11,17
[],[],[],0,22
"[2, 3, 4]","[[42, 56]]","[[2, 2, 2, 2, 2, 2, 3, 3, 3, 3, 4, 4, 4, 4, 4]]",15,134
"[1, 2]","[[0, 7], [8, 32]]","[[1, 1, 1, 1, 1, 1, 2, 2], [1, 1, 1, 1, 1, 1, 1, 1, 1, 1, 1, 1, 1, 1, 1, 1, 1, 1, 1, 1, 1, 1, 1, 2, 2]]",33,2
"[2, 3, 2, 3, 2, 3]","[[0, 52]]","[[2, 2, 2, 2, 2, 2, 2, 2, 2, 2, 3, 3, 3, 3, 3, 3, 3, 3, 3, 3, 3, 3, 3, 3, 3, 2, 2, 2, 2, 2, 2, 2, 2, 3, 3, 3, 3, 3, 3, 3, 2, 2, 2, 2, 2, 2, 3, 3, 3, 3, 3, 3, 3]]",53,0
"[2, 3, 4]","[[0, 6], [7, 27]]","[[2, 2, 3, 3, 4, 4, 4], [2, 2, 2, 2, 2, 2, 2, 2, 3, 3, 3, 3, 3, 3, 4, 4, 4, 4, 4, 4, 4]]",28,0
"[0, 1, 2, 3]","[[0, 45]]","[[0, 0, 0, 0, 0, 0, 0, 0, 0, 0, 0, 1, 1, 1, 1, 1, 1, 1, 1, 2, 2, 2, 2, 2, 2, 2, 2, 2, 2, 2, 2, 3, 3, 3, 3, 3, 3, 3, 3, 3, 3, 3, 3, 3, 3, 3]]",46,0
[],[],[],0,21
[],[],[],0,30
[],[],[],0,20
"[4, 1]","[[0, 9]]","[[4, 4, 4, 4, 4, 4, 4, 1, 1, 1]]",10,16
"[0, 4]","[[0, 8], [9, 22], [23, 34]]","[[0, 0, 0, 0, 4, 4, 4, 4, 4], [0, 0, 0, 0, 0, 0, 0, 4, 4, 4, 4, 4, 4, 4], [0, 0, 0, 0, 0, 0, 0, 4, 4, 4, 4, 4]]",35,50
[],[],[],0,9
[],[],[],0,1
[],[],[],0,22
"[1, 2, 3, 1, 2]","[[0, 46]]","[[1, 1, 1, 1, 1, 1, 1, 1, 2, 2, 2, 2, 2, 2, 2, 2, 2, 2, 2, 2, 2, 2, 3, 3, 3, 1, 1, 1, 1, 1, 1, 1, 1, 1, 1, 1, 1, 1, 1, 2, 2, 2, 2, 2, 2, 2, 2]]",47,0
"[1, 2, 3, 4]","[[18, 41]]","[[1, 1, 2, 2, 2, 2, 2, 2, 2, 2, 2, 3, 3, 3, 3, 3, 3, 3, 3, 4, 4, 4, 4, 4]]",24,18
"[3, 4, 1, 2, 3, 4, 1, 2, 3, 4]","[[50, 172]]","[[3, 3, 3, 3, 3, 3, 3, 3, 3, 3, 3, 3, 3, 3, 3, 4, 4, 4, 4, 4, 4, 4, 4, 4, 4, 4, 4, 1, 1, 1, 1, 1, 1, 1, 1, 1, 1, 1, 2, 2, 2, 2, 2, 2, 2, 2, 2, 2, 2, 3, 3, 3, 3, 3, 3, 3, 3, 3, 3, 3, 3, 3, 3, 3, 3, 3, 3, 3, 3, 3, 3, 4, 4, 4, 4, 4, 4, 4, 4, 4, 1, 1, 1, 1, 1, 1, 1, 1, 1, 2, 2, 2, 2, 2, 2, 2, 2, 2, 3, 3, 3, 3, 3, 3, 3, 3, 3, 3, 3, 3, 3, 3, 3, 3, 3, 3, 3, 3, 4, 4, 4, 4, 4]]",123,50
[],[],[],0,59
"[0, 4]","[[0, 4], [5, 9], [10, 16], [25, 30]]","[[0, 0, 0, 4, 4], [0, 0, 4, 4, 4], [0, 0, 0, 0, 0, 4, 4], [0, 0, 0, 0, 4, 4]]",23,17
[],[],[],0,10
[],[],[],0,15
[],[],[],0,5
[],[],[],0,59
[],[],[],0,24
[],[],[],0,1
[],[],[],0,2
"[0, 4, 1]","[[0, 9]]","[[0, 0, 4, 4, 4, 4, 4, 4, 1, 1]]",10,11
"[1, 2]","[[0, 5]]","[[1, 1, 1, 2, 2, 2]]",6,0
[],[],[],0,12
[],[],[],0,3
"[2, 3, 4, 1, 2, 3]","[[0, 25]]","[[2, 2, 3, 3, 3, 3, 4, 4, 4, 4, 4, 4, 4, 4, 4, 4, 4, 1, 1, 2, 2, 2, 3, 3, 3, 3]]",26,139
[],[],[],0,3
"[1, 2, 3, 4, 1, 2, 3, 4]","[[0, 68]]","[[1, 1, 1, 1, 1, 2, 2, 2, 2, 2, 2, 2, 2, 2, 2, 2, 2, 2, 2, 3, 3, 3, 3, 3, 4, 4, 4, 4, 4, 4, 4, 4, 1, 1, 1, 1, 1, 1, 1, 1, 1, 1, 1, 1, 1, 1, 1, 2, 2, 2, 2, 2, 2, 2, 2, 2, 3, 3, 3, 3, 3, 3, 4, 4, 4, 4, 4, 4, 4]]",69,44
"[4, 1, 2]","[[54, 78], [151, 177]]","[[4, 4, 4, 4, 4, 4, 4, 4, 4, 4, 1, 1, 1, 1, 1, 1, 1, 1, 2, 2, 2, 2, 2, 2, 2], [4, 4, 4, 4, 4, 4, 4, 1, 1, 1, 1, 1, 1, 1, 1, 1, 1, 1, 1, 1, 2, 2, 2, 2, 2, 2, 2]]",52,215
"[2, 3]","[[0, 9]]","[[2, 2, 2, 3, 3, 3, 3, 3, 3, 3]]",10,0
"[2, 3]","[[0, 6]]","[[2, 2, 3, 3, 3, 3, 3]]",7,17
[],[],[],0,1
"[3, 4]","[[37, 60]]","[[3, 3, 3, 4, 4, 4, 4, 4, 4, 4, 4, 4, 4, 4, 4, 4, 4, 4, 4, 4, 4, 4, 4, 4]]",24,37
"[2, 3, 4]","[[61, 91]]","[[2, 2, 3, 3, 4, 4, 4, 4, 4, 4, 4, 4, 4, 4, 4, 4, 4, 4, 4, 4, 4, 4, 4, 4, 4, 4, 4, 4, 4, 4, 4]]",31,92
[],[],[],0,8
[],[],[],0,12
"[2, 3]","[[0, 4], [38, 52], [53, 67]]","[[2, 2, 3, 3, 3], [2, 2, 2, 2, 2, 2, 2, 2, 2, 3, 3, 3, 3, 3, 3], [2, 2, 2, 2, 2, 2, 2, 2, 2, 3, 3, 3, 3, 3, 3]]",35,43
[],[],[],0,5
[],[],[],0,70
[],[],[],0,5
[],[],[],0,6
"[4, 1, 2, 3, 4]","[[33, 52]]","[[4, 4, 4, 4, 1, 1, 1, 2, 2, 2, 2, 2, 2, 2, 3, 3, 3, 4, 4, 4]]",20,57
"[3, 2, 3]","[[0, 33]]","[[3, 3, 3, 3, 3, 3, 3, 3, 3, 3, 3, 3, 3, 3, 3, 3, 2, 2, 3, 3, 3, 3, 3, 3, 3, 3, 3, 3, 3, 3, 3, 3, 3, 3]]",34,0
"[2, 3, 4]","[[32, 50]]","[[2, 2, 3, 3, 3, 3, 3, 3, 3, 4, 4, 4, 4, 4, 4, 4, 4, 4, 4]]",19,39
"[2, 3]","[[0, 7]]","[[2, 2, 2, 3, 3, 3, 3, 3]]",8,0
"[2, 3, 2, 3, 2]","[[5, 26]]","[[2, 2, 2, 3, 3, 3, 3, 3, 2, 2, 2, 2, 3, 3, 3, 3, 3, 2, 2, 2, 2, 2]]",22,16
"[2, 3, 4]","[[14, 26], [42, 49]]","[[2, 2, 2, 3, 3, 4, 4, 4, 4, 4, 4, 4, 4], [2, 2, 2, 3, 3, 3, 4, 4]]",21,29
[],[],[],0,62
"[0, 4, 1, 2, 3]","[[5, 20]]","[[0, 0, 0, 0, 4, 4, 1, 1, 1, 2, 2, 2, 2, 3, 3, 3]]",16,61
"[3, 2, 3]","[[60, 78]]","[[3, 3, 3, 2, 2, 2, 2, 2, 2, 2, 2, 2, 3, 3, 3, 3, 3, 3, 3]]",19,80
[],[],[],0,17
"[2, 3, 2, 3, 2, 3]","[[0, 25]]","[[2, 2, 2, 2, 3, 3, 3, 2, 2, 2, 2, 2, 2, 3, 3, 3, 2, 2, 2, 2, 2, 2, 3, 3, 3, 3]]",26,0
[],[],[],0,85
"[2, 3, 2]","[[0, 24]]","[[2, 2, 2, 2, 3, 3, 2, 2, 2, 2, 2, 2, 2, 2, 2, 2, 2, 2, 2, 2, 2, 2, 2, 2, 2]]",25,0
[],[],[],0,12
[],[],[],0,10
[],[],[],0,8
"[2, 3, 4]","[[9, 22], [23, 37]]","[[2, 2, 2, 2, 2, 2, 3, 3, 3, 4, 4, 4, 4, 4], [2, 2, 2, 2, 2, 2, 3, 3, 3, 3, 4, 4, 4, 4, 4]]",29,21
[],[],[],0,9
"[3, 4]","[[9, 19]]","[[3, 3, 3, 3, 3, 3, 3, 3, 4, 4, 4]]",11,9
"[2, 3]","[[0, 13]]","[[2, 2, 2, 2, 2, 3, 3, 3, 3, 3, 3, 3, 3, 3]]",14,0
"[4, 1, 2, 3, 4]","[[5, 34]]","[[4, 4, 4, 4, 4, 4, 4, 1, 1, 1, 1, 1, 2, 2, 2, 3, 3, 3, 3, 3, 3, 3, 4, 4, 4, 4, 4, 4, 4, 4]]",30,49
[],[],[],0,25
[],[],[],0,9
"[1, 2]","[[5, 20]]","[[1, 1, 1, 1, 1, 1, 1, 1, 1, 1, 1, 1, 1, 2, 2, 2]]",16,29
"[1, 2]","[[0, 3]]","[[1, 1, 2, 2]]",4,5
"[1, 2, 3, 4]","[[0, 17]]","[[1, 1, 1, 1, 2, 2, 3, 3, 4, 4, 4, 4, 4, 4, 4, 4, 4, 4]]",18,17
"[1, 2, 3, 4]","[[0, 23]]","[[1, 1, 1, 1, 1, 1, 2, 2, 3, 3, 3, 4, 4, 4, 4, 4, 4, 4, 4, 4, 4, 4, 4, 4]]",24,0
"[2, 3, 2]","[[3, 15]]","[[2, 2, 2, 3, 3, 3, 3, 3, 3, 2, 2, 2, 2]]",13,3
"[0, 4, 1, 2, 3]","[[0, 34]]","[[0, 0, 0, 0, 0, 0, 0, 0, 0, 0, 4, 4, 4, 4, 4, 4, 4, 4, 4, 1, 1, 1, 2, 2, 2, 2, 2, 2, 2, 2, 2, 2, 2, 3, 3]]",35,8
"[1, 2]","[[30, 38], [39, 57], [70, 95]]","[[1, 1, 1, 1, 1, 2, 2, 2, 2], [1, 1, 1, 1, 1, 2, 2, 2, 2, 2, 2, 2, 2, 2, 2, 2, 2, 2, 2], [1, 1, 1, 2, 2, 2, 2, 2, 2, 2, 2, 2, 2, 2, 2, 2, 2, 2, 2, 2, 2, 2, 2, 2, 2, 2]]",54,71
"[2, 3, 2, 3, 2, 3]","[[0, 61]]","[[2, 2, 2, 2, 2, 2, 2, 2, 2, 2, 2, 2, 2, 2, 2, 2, 3, 3, 3, 2, 2, 2, 2, 2, 2, 2, 2, 2, 2, 2, 2, 2, 3, 3, 3, 3, 3, 3, 3, 3, 3, 3, 2, 2, 2, 2, 2, 2, 2, 2, 2, 2, 2, 2, 2, 3, 3, 3, 3, 3, 3, 3]]",62,0
"[0, 4]","[[0, 5]]","[[0, 0, 4, 4, 4, 4]]",6,56
"[2, 3, 4]","[[24, 48], [73, 86], [87, 98], [99, 112], [113, 124], [125, 138], [139, 149], [150, 162]]","[[2, 2, 2, 2, 2, 2, 2, 2, 2, 2, 2, 2, 2, 2, 3, 3, 3, 3, 3, 3, 3, 3, 4, 4, 4], [2, 2, 2, 3, 3, 3, 3, 3, 3, 4, 4, 4, 4, 4], [2, 2, 2, 3, 3, 3, 3, 3, 3, 3, 4, 4], [2, 2, 2, 2, 3, 3, 3, 3, 3, 3, 4, 4, 4, 4], [2, 2, 2, 2, 2, 3, 3, 3, 3, 3, 4, 4], [2, 2, 2, 2, 2, 2, 2, 2, 3, 3, 3, 4, 4, 4], [2, 2, 2, 3, 3, 3, 3, 3, 3, 4, 4], [2, 2, 2, 3, 3, 3, 3, 3, 3, 3, 4, 4, 4]]",115,48
"[0, 4, 1, 2, 3, 4]","[[6, 37]]","[[0, 0, 0, 0, 0, 0, 4, 4, 4, 4, 4, 1, 1, 1, 1, 2, 2, 2, 3, 3, 3, 3, 3, 4, 4, 4, 4, 4, 4, 4, 4, 4]]",32,68
[],[],[],0,1
"[2, 3, 4, 1, 2, 3, 4]","[[14, 53]]","[[2, 2, 2, 3, 3, 3, 4, 4, 4, 4, 4, 4, 4, 4, 4, 4, 4, 1, 1, 1, 1, 1, 2, 2, 2, 2, 3, 3, 3, 3, 3, 3, 3, 3, 3, 3, 3, 4, 4, 4]]",40,25
[],[],[],0,16
"[0, 4, 1, 2]","[[11, 46]]","[[0, 0, 0, 0, 0, 0, 0, 0, 0, 0, 0, 4, 4, 4, 4, 4, 1, 1, 1, 1, 1, 1, 1, 1, 1, 1, 1, 2, 2, 2, 2, 2, 2, 2, 2, 2]]",36,97
[],[],[],0,36
[],[],[],0,4
"[2, 3, 4]","[[26, 54]]","[[2, 2, 2, 2, 2, 2, 2, 3, 3, 3, 3, 3, 4, 4, 4, 4, 4, 4, 4, 4, 4, 4, 4, 4, 4, 4, 4, 4, 4]]",29,26
[],[],[],0,43
"[0, 4, 1, 2]","[[21, 61]]","[[0, 0, 0, 4, 4, 4, 4, 4, 4, 4, 4, 4, 4, 4, 4, 4, 4, 4, 4, 4, 4, 4, 4, 4, 4, 4, 4, 4, 4, 1, 1, 1, 1, 1, 1, 2, 2, 2, 2, 2, 2]]",41,51
"[2, 3, 2, 3]","[[0, 18]]","[[2, 2, 2, 3, 3, 3, 3, 3, 3, 3, 3, 3, 3, 3, 2, 2, 3, 3, 3]]",19,0
[],[],[],0,6
[],[],[],0,5
"[2, 3]","[[0, 22]]","[[2, 2, 2, 2, 2, 2, 2, 2, 2, 2, 2, 2, 2, 2, 2, 2, 2, 2, 3, 3, 3, 3, 3]]",23,0
"[2, 3, 4]","[[7, 14]]","[[2, 2, 2, 3, 3, 3, 4, 4]]",8,11
"[4, 1]","[[50, 64]]","[[4, 4, 4, 4, 4, 4, 1, 1, 1, 1, 1, 1, 1, 1, 1]]",15,81
[],[],[],0,44
"[2, 3, 2]","[[4, 16]]","[[2, 2, 2, 2, 2, 2, 3, 3, 3, 3, 2, 2, 2]]",13,4
"[2, 3, 2, 3]","[[0, 19]]","[[2, 2, 2, 2, 2, 2, 2, 3, 3, 3, 3, 3, 3, 2, 2, 2, 2, 2, 3, 3]]",20,0
[],[],[],0,23
[],[],[],0,32
"[0, 4, 1]","[[0, 19]]","[[0, 0, 4, 4, 4, 4, 4, 4, 4, 4, 4, 1, 1, 1, 1, 1, 1, 1, 1, 1]]",20,68
[],[],[],0,2
[],[],[],0,26
"[3, 2, 3, 2, 3]","[[0, 45]]","[[3, 3, 3, 3, 3, 3, 3, 2, 2, 2, 2, 2, 2, 3, 3, 3, 3, 3, 3, 3, 3, 3, 3, 3, 3, 3, 2, 2, 2, 2, 2, 2, 2, 2, 2, 3, 3, 3, 3, 3, 3, 3, 3, 3, 3, 3]]",46,0
[],[],[],0,8
"[0, 4, 1, 2, 3]","[[2, 30]]","[[0, 0, 0, 0, 0, 0, 0, 0, 4, 4, 4, 1, 1, 2, 2, 2, 2, 2, 2, 2, 2, 2, 2, 3, 3, 3, 3, 3, 3]]",29,5
"[2, 3, 2]","[[0, 12]]","[[2, 2, 2, 2, 2, 3, 3, 2, 2, 2, 2, 2, 2]]",13,26
"[0, 4, 1, 2, 3, 4, 1, 2]","[[0, 81]]","[[0, 0, 0, 4, 4, 4, 1, 1, 1, 1, 1, 1, 1, 1, 1, 1, 1, 1, 1, 1, 2, 2, 2, 2, 2, 2, 2, 2, 2, 3, 3, 3, 3, 3, 4, 4, 4, 4, 4, 4, 4, 4, 4, 4, 4, 4, 4, 4, 4, 4, 4, 4, 4, 4, 4, 4, 4, 4, 4, 4, 4, 1, 1, 1, 1, 1, 1, 1, 1, 1, 1, 2, 2, 2, 2, 2, 2, 2, 2, 2, 2, 2]]",82,102
[],[],[],0,44
[],[],[],0,10
"[2, 3, 2, 3, 2, 3]","[[0, 22]]","[[2, 2, 2, 3, 3, 3, 3, 3, 2, 2, 2, 2, 2, 3, 3, 3, 2, 2, 3, 3, 3, 3, 3]]",23,0
"[2, 3, 4]","[[0, 8]]","[[2, 2, 3, 3, 3, 3, 4, 4, 4]]",9,28
"[0, 4]","[[0, 19], [20, 30]]","[[0, 0, 0, 0, 0, 0, 4, 4, 4, 4, 4, 4, 4, 4, 4, 4, 4, 4, 4, 4], [0, 0, 4, 4, 4, 4, 4, 4, 4, 4, 4]]",31,30
"[1, 2, 3, 4]","[[7, 33], [39, 70]]","[[1, 1, 1, 1, 1, 1, 1, 1, 1, 1, 1, 2, 2, 3, 3, 3, 3, 3, 3, 3, 3, 3, 3, 3, 4, 4, 4], [1, 1, 1, 1, 1, 1, 1, 1, 1, 1, 2, 2, 3, 3, 3, 3, 3, 3, 3, 3, 3, 3, 3, 3, 3, 3, 4, 4, 4, 4, 4, 4]]",59,16
"[0, 4, 1]","[[2, 16], [17, 27]]","[[0, 0, 0, 0, 4, 4, 4, 4, 1, 1, 1, 1, 1, 1, 1], [0, 0, 4, 4, 4, 1, 1, 1, 1, 1, 1]]",26,16
"[2, 3, 1, 2, 3, 1, 2, 3]","[[20, 81]]","[[2, 2, 2, 3, 3, 1, 1, 2, 2, 2, 2, 2, 2, 2, 2, 2, 2, 2, 2, 2, 2, 2, 2, 3, 3, 3, 3, 3, 3, 3, 3, 3, 3, 3, 3, 3, 3, 1, 1, 2, 2, 2, 2, 2, 2, 2, 2, 2, 2, 2, 3, 3, 3, 3, 3, 3, 3, 3, 3, 3, 3, 3]]",62,20
"[3, 4]","[[28, 36], [37, 57], [58, 66]]","[[3, 3, 3, 3, 3, 4, 4, 4, 4], [3, 3, 3, 3, 3, 3, 3, 3, 3, 3, 3, 3, 3, 3, 4, 4, 4, 4, 4, 4, 4], [3, 3, 4, 4, 4, 4, 4, 4, 4]]",39,28
[],[],[],0,14
"[0, 4]","[[0, 4], [5, 8], [26, 29]]","[[0, 0, 0, 4, 4], [0, 0, 4, 4], [0, 0, 4, 4]]",13,19
"[2, 3, 4]","[[7, 23]]","[[2, 2, 2, 2, 2, 3, 3, 3, 3, 3, 3, 3, 4, 4, 4, 4, 4]]",17,38
[],[],[],0,55
[],[],[],0,1
"[3, 4]","[[0, 6], [7, 17], [18, 29]]","[[3, 3, 4, 4, 4, 4, 4], [3, 3, 4, 4, 4, 4, 4, 4, 4, 4, 4], [3, 3, 3, 3, 3, 4, 4, 4, 4, 4, 4, 4]]",30,0
[],[],[],0,2
"[3, 2, 3]","[[2, 22]]","[[3, 3, 3, 3, 3, 3, 3, 3, 3, 3, 3, 2, 2, 2, 2, 3, 3, 3, 3, 3, 3]]",21,2
"[4, 1, 2]","[[0, 20]]","[[4, 4, 4, 4, 4, 4, 4, 4, 4, 4, 4, 4, 4, 4, 4, 1, 1, 1, 2, 2, 2]]",21,2
"[2, 3, 4]","[[3, 10]]","[[2, 2, 2, 3, 3, 3, 4, 4]]",8,19
[],[],[],0,1
[],[],[],0,33
"[0, 4]","[[8, 15]]","[[0, 0, 4, 4, 4, 4, 4, 4]]",8,39
[],[],[],0,17
[],[],[],0,22
[],[],[],0,2
"[1, 2, 3, 4]","[[7, 25]]","[[1, 1, 1, 1, 1, 1, 2, 2, 3, 3, 3, 3, 3, 3, 4, 4, 4, 4, 4]]",19,54
"[4, 1, 2]","[[13, 25]]","[[4, 4, 1, 1, 1, 1, 1, 1, 2, 2, 2, 2, 2]]",13,19
"[2, 3, 4]","[[13, 46]]","[[2, 2, 2, 2, 2, 3, 3, 3, 3, 4, 4, 4, 4, 4, 4, 4, 4, 4, 4, 4, 4, 4, 4, 4, 4, 4, 4, 4, 4, 4, 4, 4, 4, 4]]",34,13
[],[],[],0,6
"[2, 3, 4]","[[0, 16], [17, 26]]","[[2, 2, 2, 2, 2, 2, 2, 2, 3, 3, 3, 4, 4, 4, 4, 4, 4], [2, 2, 2, 2, 3, 3, 4, 4, 4, 4]]",27,19
"[3, 4, 1, 2]","[[18, 37], [56, 82]]","[[3, 3, 3, 4, 4, 4, 4, 4, 4, 4, 4, 4, 1, 1, 1, 1, 1, 2, 2, 2], [3, 3, 3, 3, 3, 4, 4, 4, 4, 4, 4, 4, 4, 4, 4, 4, 1, 1, 1, 1, 1, 1, 1, 1, 1, 2, 2]]",47,44
"[3, 2, 3, 2, 3]","[[0, 17]]","[[3, 3, 3, 3, 2, 2, 2, 3, 3, 3, 2, 2, 2, 2, 3, 3, 3, 3]]",18,0
"[0, 4, 1]","[[0, 16]]","[[0, 0, 4, 4, 4, 4, 4, 1, 1, 1, 1, 1, 1, 1, 1, 1, 1]]",17,40
"[2, 3]","[[12, 18]]","[[2, 2, 2, 3, 3, 3, 3]]",7,41
"[2, 3, 4]","[[20, 35], [38, 53], [56, 66]]","[[2, 2, 2, 2, 2, 2, 2, 3, 3, 3, 3, 4, 4, 4, 4, 4], [2, 2, 2, 2, 2, 2, 2, 2, 3, 3, 3, 3, 4, 4, 4, 4], [2, 2, 2, 2, 2, 3, 3, 3, 4, 4, 4]]",43,24
[],[],[],0,37
"[1, 2, 3, 4]","[[47, 75]]","[[1, 1, 1, 1, 1, 1, 1, 1, 1, 2, 2, 2, 2, 2, 2, 2, 2, 2, 3, 3, 3, 3, 3, 3, 3, 4, 4, 4, 4]]",29,124
[],[],[],0,55
"[0, 4, 1]","[[0, 14]]","[[0, 0, 4, 4, 4, 4, 4, 4, 4, 4, 1, 1, 1, 1, 1]]",15,32
"[3, 4, 1, 2]","[[12, 31]]","[[3, 3, 3, 3, 3, 4, 4, 4, 4, 4, 4, 4, 4, 4, 4, 1, 1, 1, 2, 2]]",20,28
"[2, 3, 4]","[[17, 47], [48, 91], [92, 117]]","[[2, 2, 2, 2, 2, 2, 3, 3, 3, 3, 3, 3, 3, 3, 3, 3, 4, 4, 4, 4, 4, 4, 4, 4, 4, 4, 4, 4, 4, 4, 4], [2, 2, 2, 2, 2, 2, 2, 2, 2, 2, 2, 2, 2, 2, 2, 2, 2, 2, 2, 3, 3, 3, 3, 3, 3, 3, 3, 3, 3, 4, 4, 4, 4, 4, 4, 4, 4, 4, 4, 4, 4, 4, 4, 4], [2, 2, 3, 3, 3, 3, 3, 3, 3, 3, 3, 3, 3, 3, 3, 4, 4, 4, 4, 4, 4, 4, 4, 4, 4, 4]]",101,17
"[2, 3, 4]","[[17, 45], [54, 71], [72, 100]]","[[2, 2, 2, 2, 2, 2, 3, 3, 3, 3, 3, 3, 4, 4, 4, 4, 4, 4, 4, 4, 4, 4, 4, 4, 4, 4, 4, 4, 4], [2, 2, 3, 3, 3, 4, 4, 4, 4, 4, 4, 4, 4, 4, 4, 4, 4, 4], [2, 2, 2, 2, 3, 3, 3, 4, 4, 4, 4, 4, 4, 4, 4, 4, 4, 4, 4, 4, 4, 4, 4, 4, 4, 4, 4, 4, 4]]",76,25
"[1, 2, 3]","[[0, 13]]","[[1, 1, 2, 2, 2, 2, 2, 3, 3, 3, 3, 3, 3, 3]]",14,0
"[3, 1, 2, 3, 1, 2, 3]","[[10, 35]]","[[3, 3, 3, 3, 3, 1, 1, 2, 2, 2, 2, 3, 3, 3, 1, 1, 1, 1, 2, 2, 2, 3, 3, 3, 3, 3]]",26,12
"[2, 3, 1]","[[0, 9]]","[[2, 2, 2, 2, 2, 2, 3, 3, 1, 1]]",10,3
[],[],[],0,1
"[2, 3]","[[0, 19]]","[[2, 2, 2, 2, 3, 3, 3, 3, 3, 3, 3, 3, 3, 3, 3, 3, 3, 3, 3, 3]]",20,0
[],[],[],0,2
[],[],[],0,42
[],[],[],0,63
"[0, 4]","[[2, 7], [15, 21]]","[[0, 0, 0, 4, 4, 4], [0, 0, 0, 0, 4, 4, 4]]",13,15
"[3, 2, 3, 2, 3]","[[0, 48]]","[[3, 3, 3, 3, 2, 2, 2, 2, 2, 2, 2, 2, 2, 2, 2, 2, 2, 2, 2, 2, 2, 3, 3, 2, 2, 2, 2, 2, 2, 2, 2, 2, 2, 2, 2, 2, 2, 2, 2, 2, 3, 3, 3, 3, 3, 3, 3, 3, 3]]",49,10
[],[],[],0,15
"[2, 3, 4]","[[5, 19], [27, 39]]","[[2, 2, 3, 3, 3, 3, 3, 3, 3, 3, 4, 4, 4, 4, 4], [2, 2, 2, 2, 3, 3, 3, 3, 3, 4, 4, 4, 4]]",28,31
"[1, 2, 3]","[[2, 41], [42, 76]]","[[1, 1, 1, 1, 1, 1, 1, 1, 1, 1, 1, 1, 2, 2, 2, 2, 2, 2, 3, 3, 3, 3, 3, 3, 3, 3, 3, 3, 3, 3, 3, 3, 3, 3, 3, 3, 3, 3, 3, 3], [1, 1, 1, 1, 1, 1, 1, 2, 2, 2, 2, 2, 2, 2, 3, 3, 3, 3, 3, 3, 3, 3, 3, 3, 3, 3, 3, 3, 3, 3, 3, 3, 3, 3, 3]]",75,153
"[2, 3, 4, 1, 2, 3, 4]","[[19, 55]]","[[2, 2, 3, 3, 3, 3, 3, 4, 4, 4, 4, 4, 4, 4, 4, 1, 1, 1, 1, 1, 1, 2, 2, 2, 3, 3, 3, 3, 3, 3, 3, 4, 4, 4, 4, 4, 4]]",37,19
"[3, 2]","[[17, 21]]","[[3, 3, 2, 2, 2]]",5,34
"[2, 3, 4]","[[27, 45]]","[[2, 2, 2, 2, 2, 2, 2, 2, 2, 3, 3, 3, 4, 4, 4, 4, 4, 4, 4]]",19,55
"[2, 3, 2, 3]","[[0, 28]]","[[2, 2, 3, 3, 3, 3, 3, 3, 3, 3, 3, 3, 3, 3, 2, 2, 2, 2, 2, 2, 2, 2, 3, 3, 3, 3, 3, 3, 3]]",29,0
"[0, 1, 2]","[[0, 22]]","[[0, 0, 0, 0, 0, 0, 0, 0, 0, 0, 0, 0, 1, 1, 1, 2, 2, 2, 2, 2, 2, 2, 2]]",23,10
[],[],[],0,15
"[2, 3, 2]","[[10, 21]]","[[2, 2, 3, 3, 2, 2, 2, 2, 2, 2, 2, 2]]",12,10
"[0, 1]","[[0, 21]]","[[0, 0, 0, 0, 0, 0, 0, 0, 0, 0, 0, 1, 1, 1, 1, 1, 1, 1, 1, 1, 1, 1]]",22,19
"[0, 4]","[[0, 24], [25, 37], [75, 81]]","[[0, 0, 0, 0, 0, 0, 0, 0, 0, 0, 0, 0, 0, 0, 0, 0, 0, 0, 0, 0, 0, 0, 0, 4, 4], [0, 0, 0, 0, 0, 0, 0, 4, 4, 4, 4, 4, 4], [0, 0, 0, 4, 4, 4, 4]]",45,39
"[3, 2, 3]","[[6, 20]]","[[3, 3, 2, 2, 3, 3, 3, 3, 3, 3, 3, 3, 3, 3, 3]]",15,6
"[3, 4]","[[0, 13], [14, 22]]","[[3, 3, 4, 4, 4, 4, 4, 4, 4, 4, 4, 4, 4, 4], [3, 3, 3, 3, 3, 3, 4, 4, 4]]",23,0
"[2, 3, 4]","[[0, 31]]","[[2, 2, 2, 3, 3, 3, 3, 3, 3, 3, 3, 3, 4, 4, 4, 4, 4, 4, 4, 4, 4, 4, 4, 4, 4, 4, 4, 4, 4, 4, 4, 4]]",32,10
[],[],[],0,41
"[2, 3, 4]","[[0, 10]]","[[2, 2, 3, 3, 3, 3, 3, 3, 3, 4, 4]]",11,19
"[2, 3, 2, 3, 2]","[[5, 27]]","[[2, 2, 2, 2, 2, 2, 3, 3, 3, 2, 2, 2, 2, 2, 2, 2, 2, 2, 3, 3, 3, 2, 2]]",23,15
